"no","part_of_speech","definition","answer"
"1","verb","описывать","describe (ongoing process)"
"2","noun","баран","sheep"
"3","adj.","безумный","mad"
"4","verb","ведать","know (archaic, old-fashioned)"
"5","noun","Япония","Japan"
"6","adj.","пустынный","deserted"
"7","noun","специальность","specialty"
"8","noun","походка","walk (manner of walking)"
"9","verb","увезти","take away (transport away)"
"10","verb","приветствовать","welcome"
"11","noun","оборот","turnover"
"12","noun","бульвар","boulevard"
"13","noun","скамья","bench (can also mean a jury)"
"14","adj.","презрительный","contemptuous"
"15","noun","буфет","buffet"
"16","adj.","итальянский","Italian"
"17","adj.","бумажный","paper"
"18","verb","опираться","rely (one-time)"
"19","noun","серия","series"
"20","noun","неожиданность","surprise (unexpected event)"
"21","noun","купол","cupola"
"22","verb","наказать","punish"
"23","adj.","развитый","developed"
"24","noun","копия","copy"
"25","adj.","научно","scientifically"
"26","noun","тропинка","path (smaller"
"27","noun","рама","frame (chassis, skeleton)"
"28","verb","упомянуть","mention"
"29","verb","вздрагивать","startle (ongoing)"
"30","noun","расположение","location"
"31","noun","приглашение","invitation"
"32","noun","башка","head (informal, colloquial)"
"33","noun","буря","storm"
"34","noun","пионер","pioneer"
"35","adv.","сухо","dryly"
"36","adj.","неясный","unclear"
"37","noun","философия","philosophy"
"38","noun","шерсть","wool"
"39","noun","приговор","sentence (verdict)"
"40","num.","двадцатый","twentieth"
"41","noun","фюрер","Führer"
"42","noun","ягода","berry"
"43","noun","ограда","fence (fence, barrier)"
"44","num.","восемьдесят","eighty"
"45","verb","выделяться","stand out"
"46","noun","фокус","illusion"
"47","noun","тонна","ton"
"48","noun","материя","matter (physical)"
"49","","поперёк","across"
"50","noun","мышь","mouse (mouse, rodent)"
"51","verb","скрипеть","squeak"
"52","verb","кушать","eat (informal)"
"53","adj.","нищий","poor (destitute)"
"54","adj.","невозможный","impossible"
"55","verb","общаться","communicate"
"56","noun","побег","escape"
"57","adj.","лунный","lunar"
"58","noun","учение","study"
"59","adj.","солидный","solid (respectable)"
"60","num.","шестнадцать","sixteen"
"61","verb","чувствоваться","feel oneself"
"62","","тьфу","shame"
"63","verb","почитать","read (read for a bit)"
"64","noun","размышление","contemplation"
"65","adv.","одинаково","equally (the same)"
"66","noun","ступень","step (stage in a process)"
"67","verb","расставить","arrange (put in order)"
"68","noun","мадам","madam"
"69","noun","зрелище","spectacle"
"70","noun","досада","annoyance"
"71","noun","трасса","highway (route, track)"
"72","verb","направляться","head (direction)"
"73","adj.","учебный","educational"
"74","adj.","существующий","existing"
"75","adj.","идеальный","ideal"
"76","adj.","жидкий","liquid"
"77","verb","буркнуть","mutter"
"78","verb","столкнуться","collide"
"79","noun","учебник","textbook"
"80","noun","идеология","ideology"
"81","verb","уговаривать","persuade (repeatedly)"
"82","adj.","комсомольский","Komsomol"
"83","adj.","подозрительный","suspicious"
"84","verb","прикрывать","cover (cover regularly)"
"85","noun","смесь","mixture"
"86","adj.","электронный","electronic"
"87","verb","различать","distinguish"
"88","noun","граната","granade"
"89","adj.","беспомощный","helpless"
"90","noun","упор","effort (strong)"
"91","verb","обходить","bypass (ongoing action)"
"92","noun","котёнок","kitten"
"93","adj.","эффективный","efficient"
"94","adv.","ежедневно","daily"
"95","adj.","очевидный","obvious"
"96","adj.","наивный","naive"
"97","noun","порошок","powder"
"98","verb","поворачивать","be turning"
"99","verb","утратить","lose (formally)"
"100","adj.","польский","Polish"
"101","noun","кол","axle"
"102","adj.","оранжевый","orange"
"103","adj.","интеллектуальный","intellectual"
"104","noun","голубчик","lad (affectionate term)"
"105","verb","удержать","hold (back emotion)"
"106","adj.","промышленный","industrial (manufacturing)"
"107","noun","седло","saddle"
"108","verb","склониться","lean (repeatedly)"
"109","noun","формула","formula"
"110","verb","отступить","retreat (once)"
"111","noun","эмоция","emotion"
"112","noun","тройка","troika"
"113","noun","посольство","embassy"
"114","verb","длиться","last"
"115","noun","вздох","sigh"
"116","noun","командование","command"
"117","adj.","эмоциональный","emotional"
"118","noun","окурок","cigarette butt"
"119","adj.","непосредственный","immediate"
"120","adj.","лагерный","campy"
"121","adj.","сонный","sleepy"
"122","verb","переспросить","ask again"
"123","noun","мяч","ball (for games)"
"124","verb","швырнуть","fling something"
"125","noun","философ","philosopher"
"126","verb","вмешаться","interfere"
"127","adj.","отрицательный","negative"
"128","noun","расстройство","disorder"
"129","verb","деться","squeeze in"
"130","noun","аэродром","aerodrome"
"131","noun","закат","sunset"
"132","verb","добиваться","strive to achieve"
"133","verb","напиться","get drunk"
"134","verb","лопнуть","burst (unexpectedly)"
"135","noun","дерьмо","shit"
"136","noun","разряд","discharge"
"137","noun","головка","head (small head)"
"138","adj.","свойственный","inherent"
"139","verb","упустить","drop, miss"
"140","verb","подъехать","drive up, approach"
"141","noun","объявление","announcement"
"142","noun","десятилетие","decade"
"143","noun","каблук","heel (of a shoe)"
"144","adj.","бурный","turbulent"
"145","verb","слушаться","obey"
"146","verb","пропускать","skip"
"147","adv.","равнодушно","indifferently"
"148","adj.","равнодушный","indifferent"
"149","adj.","своеобразный","idiosyncratic"
"150","noun","выполнение","execution (as in completion)"
"151","verb","забирать","take back"
"152","noun","пейзаж","landscape"
"153","verb","реагировать","react"
"154","noun","поэзия","poetry (the art form)"
"155","verb","гладить","stroke (ongoing)"
"156","noun","терпение","patience"
"157","noun","порода","breed"
"158","noun","занавеска","curtain"
"159","verb","отвезти","take (somewhere, once)"
"160","noun","корзина","basket"
"161","noun","огурец","cucumber"
"162","adj.","корейский","Korean"
"163","noun","пацан","lad (colloquial)"
"164","verb","обманывать","deceive (ongoing process)"
"165","noun","кузов","car body"
"166","verb","уронить","drop (accidentally)"
"167","noun","партнер","partner"
"168","adj.","религиозный","religious"
"169","noun","вой","war (archaic)"
"170","noun","шлем","helmet"
"171","verb","шепнуть","whisper (whisper once)"
"172","adj.","выраженный","expressed"
"173","adj.","обречённый","doomed"
"174","noun","конференция","conference"
"175","noun","продавец","salesman"
"176","noun","гнездо","nest"
"177","noun","казак","Cossack"
"178","noun","доза","dose"
"179","verb","вылезать","climb out (struggle)"
"180","verb","приоткрыть","crack open"
"181","noun","одиночка","lone"
"182","noun","плёнка","film (as in roll of film)"
"183","noun","пруд","pond"
"184","verb","добыть","obtain (once)"
"185","verb","давить","press (press heavily)"
"186","verb","рождаться","be born (ongoing process)"
"187","adv.","повсюду","everywhere (ubiquitously)"
"188","verb","сохранять","preserve (repeatedly)"
"189","noun","простор","space (open space, expanse)"
"190","noun","чепуха","nonsense (nonsense words)"
"191","noun","блокнот","notebook (pad)"
"192","noun","лозунг","slogan"
"193","noun","неудача","failure"
"194","noun","покойник","deceased"
"195","noun","веко","eyelid"
"196","noun","Эстония","Estonia"
"197","adv.","вправо","to the right (rightwards)"
"198","noun","сезон","season"
"199","verb","основать","found"
"200","adj.","крошечный","tiny (minute)"
"201","verb","замёрзнуть","freeze from cold"
"202","noun","милость","mercy"
"203","noun","снимок","snapshot"
"204","noun","священник","priest (clergyman)"
"205","noun","обитатель","inhabitant"
"206","verb","сопровождаться","be accompanied"
"207","adj.","парадный","parade"
"208","verb","подсказать","suggest (hint)"
"209","verb","покачиваться","sway (continuous)"
"210","noun","интонация","intonation"
"211","verb","запеть","sing (once)"
"212","verb","разорвать","rupture, tear"
"213","noun","отверстие","hole (opening)"
"214","verb","метаться","toss"
"215","verb","заботиться","take care"
"216","verb","расходиться","diverge"
"217","adj.","обязательный","mandatory"
"218","adv.","пристально","intently"
"219","verb","задумать","conceive"
"220","noun","набор","set"
"221","noun","злоба","malice"
"222","noun","Одесса","Odessa"
"223","noun","таблетка","pill"
"224","adj.","молочный","milky"
"225","verb","уволить","dismiss"
"226","verb","поискать","search (one-time)"
"227","noun","разбойник","robber"
"228","noun","быт","existence (everyday life)"
"229","verb","объясняться","explain oneself"
"230","noun","фигурка","figure (small"
"231","verb","отбросить","discard"
"232","noun","чистота","cleanliness"
"233","verb","храниться","be stored"
"234","adj.","образованный","educated"
"235","noun","танцор","dancer"
"236","noun","копыто","hoof"
"237","noun","утверждение","assertion"
"238","adj.","денежный","monetary"
"239","noun","конкурс","competition"
"240","noun","толчок","thrust"
"241","verb","увести","lead away (general direction)"
"242","verb","сводить","take (somewhere, ongoing)"
"243","noun","берёза","birch tree"
"244","verb","приобретать","acquire (ongoing action)"
"245","verb","удалиться","retire from place"
"246","noun","батюшка","priest (Orthodox priests)"
"247","verb","вспыхивать","flare up (recurring)"
"248","adv.","благополучно","successfully"
"249","noun","змей","serpent"
"250","adj.","тощий","skinny"
"251","verb","нахмуриться","frown (sudden action)"
"252","adj.","доступный","accessible"
"253","noun","салон","salon"
"254","verb","наливать","pour (keep filling)"
"255","noun","бак","tank (container)"
"256","noun","сантиметр","centimeter"
"257","noun","секретарша","secretary (female)"
"258","adj.","прошедший","past (elapsed)"
"259","noun","печаль","sadness"
"260","verb","подтверждать","confirm (repeated)"
"261","noun","грамм","gram"
"262","noun","пропасть","abyss"
"263","noun","пилот","pilot (more universal term)"
"264","verb","привлекать","attract (ongoing action)"
"265","noun","брюхо","belly"
"266","noun","семя","seed"
"267","adj.","трезвый","sober"
"268","noun","полоска","stripe (small)"
"269","noun","рабочий","worker (worker, laborer)"
"270","verb","залезть","climb (completed action)"
"271","noun","предположение","assumption"
"272","noun","капитализм","capitalism"
"273","adv.","пусто","empty"
"274","verb","умолять","beg"
"275","verb","поднести","bring closer"
"276","noun","покупатель","buyer"
"277","verb","пожить","live (temporarily)"
"278","adv.","неважно","doesn't matter"
"279","verb","выкинуть","discard (once)"
"280","verb","выводить","deduce"
"281","verb","податься","surrender (yield)"
"282","verb","чистить","clean (specific item)"
"283","noun","телега","carriage"
"284","noun","градус","degree (as in temperature)"
"285","adj.","сверкающий","sparkling"
"286","verb","преследовать","pursue"
"287","noun","осложнение","complication"
"288","adv.","вдали","far away"
"289","adj.","пёстрый","vividly colorful"
"290","adj.","справедливый","fair"
"291","verb","откликнуться","respond (repeatedly)"
"292","adj.","чёткий","clear (definite)"
"293","noun","комар","mosquito"
"294","verb","пошутить","joke (one-time)"
"295","adj.","военно-","military (related to war)"
"296","verb","проживать","live (reside)"
"297","verb","выложить","post"
"298","noun","флаг","flag (flag, ensign)"
"299","noun","кастрюля","pot"
"300","adj.","скучный","dull (boring)"
"301","noun","известие","news (report)"
"302","adv.","терпеливо","patiently"
"303","noun","всадник","rider"
"304","verb","забраться","climb (struggle)"
"305","verb","упираться","resist (continuous)"
"306","verb","узнавать","recognize"
"307","verb","постоять","stand (stand for a while)"
"308","adv.","вправду","really (in truth)"
"309","noun","мостовая","pavement"
"310","num.","миллиард","billion"
"311","adv.","влево","to the left (turn left)"
"312","verb","взлететь","take off"
"313","noun","испуг","fright"
"314","num.","восемнадцать","eighteen"
"315","noun","заросль","overgrowth"
"316","noun","барьер","barrier"
"317","noun","дырка","hole (small hole)"
"318","noun","матушка","mother (affectionate term)"
"319","verb","проиграть","lose (a game)"
"320","verb","поморщиться","frown (expressing discomfort)"
"321","adj.","смутный","vague"
"322","adv.","насквозь","through"
"323","adv.","целиком","entirely"
"324","adj.","атомный","atomic"
"325","noun","бытие","existence (philosophical term)"
"326","verb","размахивать","wave (wave about)"
"327","noun","икра","caviar"
"328","noun","историк","historian"
"329","verb","водиться","exist (specific, less formal)"
"330","verb","подчиняться","submit"
"331","noun","коза","goat (female)"
"332","noun","дымок","wisp"
"333","noun","визг","scream (screech)"
"334","noun","офис","office (modern usage)"
"335","adv.","бесшумно","silently (noiseless)"
"336","adj.","знающий","knowledgeable"
"337","adj.","босой","barefoot"
"338","adj.","предстоящий","upcoming"
"339","noun","повар","cook"
"340","verb","спрыгнуть","jump off"
"341","adj.","здоровенный","huge (massive)"
"342","verb","переносить","transfer (ongoing)"
"343","noun","касса","cash register"
"344","adv.","независимо","regardless"
"345","adj.","независимый","independent (free)"
"346","verb","презирать","despise"
"347","verb","зарасти","overgrow"
"348","adj.","тяжкий","heavy (severe)"
"349","verb","опускать","lower (continuously)"
"350","adj.","изящный","elegant"
"351","verb","переехать","move (residence)"
"352","noun","скатерть","tablecloth"
"353","noun","негодяй","scoundrel (more offensive)"
"354","verb","убегать","run away (keep running away)"
"355","adj.","украинский","Ukrainian"
"356","noun","кампания","campaign"
"357","noun","графа","countess"
"358","adj.","армейский","military (army's)"
"359","verb","прислушаться","listen carefully"
"360","verb","освободиться","free oneself"
"361","adj.","преступный","criminal (wrongdoing)"
"362","adj.","уличный","street"
"363","noun","крыса","rat"
"364","verb","расспрашивать","inquire (repeatedly)"
"365","verb","толкать","push (ongoing)"
"366","adv.","отчаянно","desperately"
"367","verb","издать","emit"
"368","verb","схватиться","grab (grab hold)"
"369","verb","кружиться","whirl (ongoing)"
"370","noun","освобождение","liberation"
"371","verb","поползти","begins to crawl"
"372","adj.","бетонный","concrete"
"373","noun","прогноз","forecast"
"374","noun","съёмка","shooting (filming)"
"375","verb","спохватиться","suddenly realize"
"376","noun","икона","icon"
"377","verb","похоронить","bury (respectful)"
"378","verb","сжимать","squeeze (ongoing)"
"379","noun","местность","territory (area)"
"380","adj.","драгоценный","precious"
"381","verb","нарастать","increase (gradually)"
"382","adj.","чеченский","Chechen"
"383","","изнутри","from the inside"
"384","verb","оборвать","break off"
"385","noun","провал","failure (complete)"
"386","verb","добавлять","keep adding"
"387","adv.","шумно","loudly (noisy)"
"388","adj.","шумный","noisy"
"389","noun","малость","bit"
"390","verb","выглянуть","peek (once)"
"391","verb","гонять","chase"
"392","noun","негр","negro"
"393","adj.","вонючий","stinky"
"394","verb","поспешить","hurry (one-time)"
"395","adj.","молоденький","young (newly young)"
"396","","стоп","stop"
"397","noun","дровосек","lumberjack"
"398","adv.","упорно","persistently"
"399","verb","пробежать","run through"
"400","adj.","снисходительный","condescending"
"401","adj.","невыносимый","intolerable"
"402","noun","удовлетворение","satisfaction"
"403","verb","засунуть","tuck in"
"404","verb","рассердиться","get angry (suddenly)"
"405","noun","ритм","rhythm"
"406","verb","сдерживать","restrain"
"407","verb","подбежать","run up (one-time)"
"408","adv.","вплоть","up to"
"409","noun","прелесть","charm"
"410","verb","спрятаться","hide oneself (completed)"
"411","adj.","бурый","light brown"
"412","noun","введение","introduction"
"413","noun","голубок","pigeon"
"414","noun","мороженое","ice cream"
"415","adj.","бессмысленный","nonsensical"
"416","noun","презрение","contempt"
"417","noun","округ","district (administrative)"
"418","noun","медсестра","nurse"
"419","noun","переводчик","translator"
"420","verb","складываться","add up"
"421","adv.","дружно","unitedly"
"422","verb","разводить","breed"
"423","adj.","уютный","cozy"
"424","noun","японец","Japanese (person)"
"425","verb","повторяться","repeat (reiterate)"
"426","noun","мелодия","melody"
"427","noun","вал","shaft"
"428","verb","трудиться","toil, work hard"
"429","noun","формирование","formation"
"430","verb","одеться","get dressed (completed action)"
"431","verb","преодолеть","overcome"
"432","noun","Канада","Canada"
"433","adv.","впрямь","really (indeed)"
"434","adj.","подводный","underwater"
"435","noun","горшок","pot (smaller"
"436","verb","определяться","be determined"
"437","noun","грань","edge (more figurative)"
"438","verb","назначать","appoint (ongoing process)"
"439","noun","курица","chicken"
"440","verb","качаться","sway (one-time)"
"441","noun","прозвище","nickname"
"442","noun","темп","pace"
"443","adj.","информационный","informational"
"444","noun","посадка","landing"
"445","verb","потерпеть","endure, experience"
"446","noun","обрыв","precipice"
"447","noun","нитка","thread"
"448","noun","плакат","poster"
"449","noun","банда","gang"
"450","verb","вырезать","cut out"
"451","verb","скучать","miss (person)"
"452","verb","избежать","avoid (completed action)"
"453","noun","инфекция","infection"
"454","noun","убеждение","conviction"
"455","noun","плоть","flesh"
"456","adj.","деловитый","businesslike"
"457","verb","кидать","throw casually"
"458","noun","стая","flock"
"459","adj.","немалый","considerable"
"460","noun","уничтожение","destruction"
"461","adv.","успешно","smoothly (successful)"
"462","noun","обочина","verge"
"463","adv.","жадно","greedily"
"464","noun","усадьба","mansion (estate, manor)"
"465","noun","худо","badly"
"466","verb","даваться","be given"
"467","noun","траншея","trench (military)"
"468","verb","затянуться","drag on"
"469","noun","табуретка","stool"
"470","verb","задрать","lift (lift high)"
"471","adj.","объективный","objective"
"472","verb","сбегать","run away (run off)"
"473","noun","пепел","ashes"
"474","verb","болтаться","dangle"
"475","noun","пробка","cork"
"476","verb","связывать","tie (tie regularly)"
"477","noun","РФ","Russia (official abbreviation)"
"478","verb","изучить","learn (thoroughly)"
"479","noun","проведение","conducting"
"480","adj.","порядочный","decent, honest"
"481","noun","провинция","province"
"482","verb","уступать","yield, give way"
"483","noun","прощение","forgiveness"
"484","noun","порция","portion"
"485","adj.","театральный","theatrical"
"486","adj.","отдаленный","distant (remote)"
"487","verb","потребоваться","be required (sudden need)"
"488","noun","хохот","laughter (loud)"
"489","noun","сорт","sort"
"490","adj.","производственный","production-related"
"491","adv.","вплотную","closely"
"492","adj.","идеологический","ideological"
"493","adv.","сравнительно","comparatively"
"494","verb","питаться","feed (oneself)"
"495","noun","командующий","commander (superior officer)"
"496","adj.","командующий","commanding"
"497","adj.","людской","human (personal)"
"498","verb","угрожать","threaten (ongoing)"
"499","noun","рассуждение","discourse"
"500","noun","фонарик","flashlight"
"501","noun","дрянь","junk"
"502","noun","понедельник","Monday"
"503","noun","райком","district committee"
"504","noun","мундир","uniform (military)"
"505","verb","пребывать","stay (ongoing)"
"506","verb","подавить","suppress (once)"
"507","noun","Польша","Poland"
"508","verb","плясать","dance (joyfully)"
"509","adv.","удобно","comfortably"
"510","verb","заявлять","declare (continuously)"
"511","noun","висок","temple (of the head)"
"512","noun","падаль","carrion"
"513","verb","уговорить","persuade (once)"
"514","noun","глина","clay"
"515","noun","почка","kidney"
"516","noun","профессионал","professional"
"517","noun","катер","motorboat"
"518","adv.","недостаточно","insufficiently"
"519","noun","шарик","ball (small)"
"520","noun","конфета","candy"
"521","verb","сажать","plant (repeatedly)"
"522","noun","виски","whiskey"
"523","verb","поплыть","swim (start swimming)"
"524","verb","делить","divide (ongoing action)"
"525","noun","сетка","net"
"526","noun","бассейн","pool"
"527","noun","заря","dawn (daybreak, twilight)"
"528","adj.","студенческий","student"
"529","adj.","налоговый","tax"
"530","noun","метод","method (method, technique)"
"531","noun","человечек","little man"
"532","verb","призывать","call for"
"533","noun","протяжение","extension"
"534","verb","дымиться","smoke (continuously)"
"535","adj.","королевский","royal (king's)"
"536","noun","матка","womb"
"537","noun","инстинкт","instinct"
"538","verb","поздороваться","greet (informal)"
"539","noun","красавец","beau"
"540","noun","минутка","moment (colloquial)"
"541","noun","правитель","ruler (governmental)"
"542","verb","обнимать","hug (repeatedly)"
"543","adv.","пополам","in half"
"544","verb","угодить","please"
"545","noun","пяток","heel (of a foot)"
"546","noun","изучение","study (act of studying)"
"547","verb","кататься","ride"
"548","adj.","сомнительный","doubtful"
"549","noun","пехота","infantry"
"550","adj.","районный","district"
"551","verb","выразиться","express one's thoughts"
"552","verb","натянуть","tighten"
"553","verb","лишить","deprive"
"554","verb","удерживать","hold back (someone else)"
"555","noun","заряд","charge"
"556","noun","ребро","rib"
"557","noun","сустав","joint"
"558","verb","привыкать","get used to (process)"
"559","noun","хребет","spine"
"560","adj.","багровый","bright red, crimson"
"561","noun","пластинка","record (vinyl)"
"562","verb","потрясать","shake (continuously)"
"563","noun","мотив","motive"
"564","adj.","дневной","daily"
"565","verb","рвануться","rush abruptly"
"566","verb","воспитывать","educate"
"567","noun","заслуга","merit (achievement)"
"568","noun","возбуждение","excitement (stimulation)"
"569","verb","съездить","go (for a short trip)"
"570","verb","свалить","push over"
"571","adj.","газетный","newspaper"
"572","adj.","биологический","biological"
"573","noun","малый","small"
"574","adj.","смуглый","tan"
"575","noun","обломок","fragment (bigger)"
"576","adj.","крестьянский","peasant"
"577","noun","будка","booth"
"578","adj.","указанный","specified"
"579","noun","кустарник","shrub"
"580","verb","застрять","get stuck"
"581","noun","диплом","diploma"
"582","verb","обходиться","get by"
"583","adj.","фальшивый","fake"
"584","noun","пена","foam"
"585","verb","скользить","slide"
"586","verb","пробираться","penetrate (make way)"
"587","verb","вертеться","whirl (one-time)"
"588","verb","кипеть","boil"
"589","verb","поручить","assign"
"590","verb","убеждать","convince (ongoing action)"
"591","noun","восстановление","recovery"
"592","adv.","ничуть","not at all"
"593","verb","злиться","get angry (colloquially)"
"594","noun","молитва","prayer"
"595","adv.","попросту","simply (plainly)"
"596","adj.","коммерческий","business-related"
"597","noun","отвращение","disgust"
"598","verb","уступить","give way"
"599","verb","избегать","avoid (continuous action)"
"600","adv.","издалека","from afar"
"601","verb","тронуться","start moving"
"602","noun","вооружение","armament"
"603","verb","твориться","transpire (colloquial)"
"604","adj.","склонный","inclined"
"605","noun","пазуха","armpit"
"606","noun","религия","religion"
"607","adv.","недаром","not for nothing"
"608","verb","пригодиться","come in handy"
"609","adj.","существенный","significant (essential)"
"610","verb","сопротивляться","resist (once)"
"611","verb","скакать","jump (hop)"
"612","noun","кличка","name (nickname)"
"613","adj.","офицерский","officer"
"614","noun","указ","directive"
"615","verb","проглотить","swallow"
"616","noun","прилавок","counter (in a shop)"
"617","adj.","отвратительный","repulsive"
"618","verb","осматривать","inspect (quickly)"
"619","verb","запустить","launch"
"620","noun","местечко","village (small place)"
"621","verb","поделиться","share (once)"
"622","noun","обещание","promise"
"623","verb","вестись","be found (process)"
"624","noun","веранда","veranda"
"625","noun","стон","groan"
"626","noun","равновесие","equilibrium"
"627","noun","скука","boredom"
"628","verb","прорваться","burst through"
"629","verb","отставать","fall behind (ongoing process)"
"630","num.","пятьсот","five hundred"
"631","verb","отмечаться","be marked"
"632","noun","торжество","celebration"
"633","noun","прокуратура","prosecutor's office"
"634","verb","проникать","penetrate (enter)"
"635","noun","чудак","oddball"
"636","adj.","неизбежный","inevitable"
"637","noun","видимость","visibility"
"638","noun","паренек","lad (young man, colloquial)"
"639","verb","погрузить","immerse"
"640","noun","семейство","family (biological)"
"641","noun","царство","kingdom"
"642","verb","употреблять","consume"
"643","verb","вскричать","shout in surprise"
"644","noun","устав","statute"
"645","noun","погон","shoulder strap"
"646","noun","мудрость","wisdom"
"647","verb","высунуться","stick out (once)"
"648","noun","фонтан","fountain"
"649","noun","битва","battle"
"650","noun","жилец","resident (of a rented place)"
"651","verb","наткнуться","stumble upon"
"652","noun","горечь","bitterness"
"653","verb","трещать","crack"
"654","noun","паника","panic"
"655","noun","возникновение","emergence"
"656","verb","мыть","wash"
"657","verb","смутиться","become confused"
"658","adj.","удачный","successful"
"659","verb","печатать","print (repeatedly)"
"660","adj.","сексуальный","sexual (erotic)"
"661","adv.","насмешливо","mockingly"
"662","noun","публикация","publication"
"663","verb","демонстрировать","demonstrate"
"664","adj.","римский","Roman"
"665","verb","оправдать","justify"
"666","noun","расследование","investigation (research)"
"667","noun","оборудование","equipment"
"668","adj.","вредный","harmful"
"669","noun","пульт","remote control"
"670","verb","прихватить","grab (grab along)"
"671","noun","язва","ulcer"
"672","noun","рок","fate (destiny)"
"673","verb","распространить","spread"
"674","","ишь","look"
"675","adj.","сытый","satisfied (full or well-fed)"
"676","verb","разбирать","analyze"
"677","noun","груша","pear"
"678","verb","переглянуться","glance at each other"
"679","adj.","старенький","oldish"
"680","noun","гроза","storm (thunderstorm)"
"681","noun","кислород","oxygen"
"682","noun","шахта","mine (coal)"
"683","adj.","прохладный","cool"
"684","verb","протекать","leak"
"685","noun","удав","python"
"686","noun","выпуск","release"
"687","noun","хирург","surgeon"
"688","adj.","брезгливый","disgusted"
"689","verb","объединить","unite"
"690","noun","символ","symbol"
"691","adj.","хозяйственный","household"
"692","noun","магия","magic"
"693","verb","убирать","clean (clean up)"
"694","verb","расставаться","part ways"
"695","verb","прибежать","run up (repeatedly)"
"696","noun","развод","divorce"
"697","adj.","звонкий","ringing"
"698","adj.","звёздный","star"
"699","noun","неправда","lie (untruth)"
"700","noun","перестройка","restructuring"
"701","adj.","стратегический","strategic"
"702","adj.","непривычный","unfamiliar (unaccustomed)"
"703","verb","просидеть","sit through"
"704","noun","заведующий","head (manager)"
"705","verb","творить","create, art"
"706","verb","мерцать","flicker (weak, unstable)"
"707","noun","инициатива","initiative"
"708","noun","КПСС","CPSU"
"709","adj.","индивидуальный","individual"
"710","noun","единица","unit"
"711","adj.","трагический","tragic"
"712","adj.","излишний","excessive"
"713","verb","загнать","drive in"
"714","verb","подчеркивать","emphasize"
"715","noun","регион","region (official term)"
"716","noun","защитник","defender"
"717","adj.","немой","mute"
"718","verb","напасть","attack"
"719","noun","сектор","sector"
"720","noun","санитар","sanitary"
"721","noun","ссылка","reference (web link)"
"722","noun","госпожа","lady (Madam)"
"723","adj.","механический","mechanical (machines)"
"724","noun","роща","grove"
"725","verb","нагнуться","bend over"
"726","verb","предназначить","designate"
"727","noun","грек","Greek"
"728","noun","усмешка","sneer"
"729","verb","дружить","be friends"
"730","adj.","уникальный","unique"
"731","noun","восприятие","perception"
"732","noun","потомок","descendant"
"733","noun","номенклатура","nomenclature"
"734","noun","тропа","footpath"
"735","adj.","почтительный","respectful"
"736","noun","казнь","execution (capital punishment)"
"737","adj.","судебный","judicial"
"738","noun","сало","bacon"
"739","adv.","мучительно","painfully"
"740","adj.","мучительный","agonizing"
"741","noun","сочувствие","sympathy"
"742","noun","ветерок","breeze"
"743","verb","распорядиться","manage arrangements"
"744","adv.","живо","vividly"
"745","verb","цепляться","cling (continuous action)"
"746","verb","увеличиваться","increase (rapidly)"
"747","noun","Питер","St. Petersburg"
"748","noun","светило","luminary"
"749","adj.","подробный","detailed"
"750","noun","мёд","honey"
"751","noun","восхищение","admiration"
"752","verb","выдумать","invent"
"753","noun","мисс","miss"
"754","noun","Кавказ","Caucasus"
"755","noun","ноздря","nostril"
"756","noun","сочетание","combination"
"757","adv.","наполовину","halfway"
"758","verb","отправлять","be dispatching"
"759","adj.","прочный","durable"
"760","verb","ворваться","burst in"
"761","adj.","магический","magical (related to magic)"
"762","verb","выпивать","drink (repeatedly)"
"763","noun","нагрузка","load"
"764","noun","группировка","formation (military)"
"765","noun","перец","pepper"
"766","adj.","правительственный","governmental"
"767","noun","дрожь","tremor"
"768","noun","обсуждение","discussion"
"769","verb","ползать","crawl around"
"770","adj.","ручной","hand"
"771","noun","постановление","resolution"
"772","num.","семнадцать","seventeen"
"773","verb","вытянуться","stretch out"
"774","noun","заметка","note (notebook entry)"
"775","noun","принцесса","princess"
"776","verb","посещать","visit regularly"
"777","noun","самоубийство","suicide"
"778","verb","отодвинуть","move aside"
"779","verb","раздавить","crush"
"780","noun","нежность","tenderness"
"781","adj.","тоненький","slender (thin)"
"782","noun","сейф","safe"
"783","noun","миф","myth"
"784","num.","пятеро","five (people)"
"785","verb","объявлять","announce (ongoing action)"
"786","adv.","противно","disgusting"
"787","noun","правление","governance"
"788","adj.","выдающийся","outstanding"
"789","noun","валюта","currency"
"790","verb","разработать","develop (completed action)"
"791","verb","рассыпаться","fall apart"
"792","noun","блин","pancake"
"793","noun","выезд","departure (exit by vehicle)"
"794","adv.","туго","tightly (tight)"
"795","noun","складка","wrinkle"
"796","adj.","шёлковый","silky"
"797","noun","предатель","traitor"
"798","noun","купец","merchant (merchant, trader)"
"799","verb","удаляться","move away (ongoing)"
"800","noun","психика","psychic"
"801","noun","живопись","painting (art form)"
"802","noun","кровотечение","hemorrhage"
"803","verb","ворчать","grumble"
"804","noun","демократ","democrat"
"805","verb","откинуть","toss aside"
"806","noun","трещина","crack"
"807","noun","мораль","morality"
"808","verb","распахнуться","swing open"
"809","verb","помниться","be remembered"
"810","noun","факультет","faculty"
"811","verb","поражать","impress (repeatedly)"
"812","noun","аллея","avenue"
"813","verb","настать","arrive (arrive metaphorically)"
"814","noun","поляна","glade"
"815","noun","валенок","felt boot"
"816","adj.","угрюмый","moody"
"817","noun","солдатик","soldier (toy soldier)"
"818","adj.","тусклый","dull (not bright)"
"819","adv.","снаружи","outside (externally)"
"820","noun","паровоз","rattle"
"821","noun","интернет","internet"
"822","verb","посетить","visit formally"
"823","adj.","британский","British"
"824","verb","будить","arouse, wake up"
"825","verb","приказывать","command, mandate"
"826","noun","алкоголь","alcohol"
"827","noun","измерение","measurement"
"828","noun","актриса","actress"
"829","noun","размах","span"
"830","noun","призрак","ghost"
"831","verb","увеличить","enlarge"
"832","verb","ахнуть","gasp"
"833","adj.","лекарственный","medicinal"
"834","adj.","почетный","honorable"
"835","noun","математика","mathematics"
"836","verb","растерять","lose one's bearings"
"837","noun","собор","cathedral"
"838","noun","сыр","cheese"
"839","verb","навестить","visit someone"
"840","noun","соединение","connection"
"841","verb","воображать","imagine (in mind)"
"842","noun","самовар","samovar"
"843","adj.","незначительный","insignificant"
"844","adj.","окончательный","final (conclusive)"
"845","verb","вскакивать","jump up"
"846","noun","канифоль","rosin"
"847","verb","вынимать","extract (ongoing action)"
"848","adj.","зарубежный","foreign (overseas)"
"849","adv.","робко","timidly"
"850","verb","пересечь","cross (multiple times)"
"851","adj.","матёрый","cunning"
"852","noun","листва","foliage"
"853","noun","учёба","education (studying)"
"854","noun","кукла","doll"
"855","noun","предчувствие","premonition"
"856","noun","обморок","fainting"
"857","noun","развалина","ruin"
"858","adj.","священный","sacred"
"859","noun","терапия","therapy"
"860","verb","вскрикнуть","scream"
"861","noun","позор","shame (disgrace)"
"862","noun","конструкция","structure (architectural)"
"863","noun","концепция","concept"
"864","noun","особняк","mansion (detached house)"
"865","noun","весть","news (message)"
"866","verb","строиться","be built"
"867","noun","бабочка","butterfly"
"868","verb","опомниться","come to one's senses"
"869","verb","тыкать","poke (repeatedly)"
"870","verb","перебивать","interrupt (repeatedly)"
"871","adv.","вполголоса","in a low voice"
"872","noun","изделие","product (article)"
"873","noun","студия","studio"
"874","adj.","ленинский","Lenin's"
"875","noun","видение","vision (dream"
"876","noun","слюна","spit"
"877","verb","попрощаться","say goodbye (once)"
"878","verb","отменить","cancel"
"879","adj.","встречный","countering"
"880","verb","подавлять","suppress (ongoing)"
"881","noun","сложность","complexity"
"882","verb","выслать","send out"
"883","noun","землянин","earthling"
"884","noun","строение","construction (building)"
"885","verb","дежурить","be on duty"
"886","noun","скрипка","violin"
"887","verb","украсить","decorate"
"888","adj.","ложный","false"
"889","noun","бас","bass"
"890","noun","песенка","song (colloquial, small song)"
"891","noun","сани","sleigh"
"892","noun","редкость","rarity"
"893","noun","федерация","federation"
"894","noun","диагноз","diagnosis"
"895","noun","чудовище","monster (monster, beast)"
"896","verb","помчаться","rush away"
"897","noun","премьера","premiere"
"898","verb","разыскать","track down, find"
"899","verb","хоронить","bury (general term)"
"900","noun","букет","bouquet"
"901","verb","доставлять","deliver (ongoing action)"
"902","verb","выпрямиться","straighten up"
"903","verb","придать","give a quality"
"904","adj.","хорошенький","pretty"
"905","adj.","боковой","lateral"
"906","noun","кредит","credit"
"907","noun","эшелон","train (military)"
"908","verb","поздравлять","congratulate"
"909","noun","староста","elder"
"910","noun","нетерпение","impatience"
"911","verb","помахать","wave (wave goodbye)"
"912","noun","кодекс","code"
"913","noun","копьё","spear"
"914","noun","матч","match (sport)"
"915","verb","выбежать","run out"
"916","verb","поддаваться","yield, succumb"
"917","verb","вскинуть","raise"
"918","noun","зажигалка","lighter"
"919","adj.","тюремный","prison"
"920","noun","акцент","accent"
"921","adj.","лиловый","lilac"
"922","noun","вероятность","probability"
"923","adv.","плавно","smoothly (flowing)"
"924","noun","призыв","call-up"
"925","verb","утонуть","drown"
"926","verb","уничтожать","keep destroying"
"927","adj.","крупнейший","largest"
"928","noun","щенок","puppy"
"929","verb","выхватить","snatch swiftly (once)"
"930","noun","тигр","tiger"
"931","noun","претензия","claim"
"932","noun","распространение","distribution"
"933","noun","обувь","footwear"
"934","verb","влюбиться","fall in love (ongoing)"
"935","noun","аргумент","argument"
"936","verb","норовить","strive (repeatedly)"
"937","noun","полотно","canvas"
"938","noun","пропуск","pass"
"939","noun","смола","resin"
"940","adv.","недовольно","dissatisfied"
"941","noun","стоянка","parking lot"
"942","verb","содержаться","be contained"
"943","","вследствие","due to"
"944","noun","тупик","dead end"
"945","noun","овощ","vegetable"
"946","verb","отрываться","detach"
"947","noun","микрофон","microphone"
"948","adj.","пышный","luxurious (lavish)"
"949","noun","стадия","stage (of a process)"
"950","verb","перебраться","cross over"
"951","verb","создаваться","be created"
"952","adj.","машинальный","mechanical (automatic)"
"953","noun","лёгкость","ease"
"954","noun","молот","hammer"
"955","adv.","скромно","modestly"
"956","noun","верхушка","top (tip)"
"957","noun","око","eye (old-fashioned or poetic)"
"958","","вопреки","against (despite)"
"959","noun","национальность","nationality"
"960","noun","платформа","platform (train platform)"
"961","noun","верста","verst"
"962","noun","подружка","girlfriend (more informal)"
"963","noun","практик","practitioner"
"964","adj.","ограниченный","limited"
"965","verb","оглядывать","look around (habitually)"
"966","noun","взятка","bribe"
"967","noun","гусеница","caterpillar"
"968","noun","объятие","embrace"
"969","noun","отставка","resignation"
"970","","ихний","their"
"971","adv.","чересчур","excessively"
"972","adj.","оригинальный","original"
"973","noun","рельс","rail"
"974","noun","рыбка","fish (small)"
"975","noun","игрок","player"
"976","verb","вить","twist"
"977","","ура","hurray"
"978","noun","шорох","rustle"
"979","noun","новичок","newcomer"
"980","noun","парнишка","little fellow"
"981","noun","скотина","brute"
"982","noun","поручение","assignment"
"983","verb","сослаться","refer"
"984","noun","премьер","prime minister"
"985","verb","добывать","obtain (continually)"
"986","noun","рывок","lunge"
"987","verb","заканчиваться","end (be ending continuously)"
"988","adj.","женатый","married"
"989","noun","сопка","hill (small)"
"990","noun","торговец","merchant (trader, dealer)"
"991","noun","эфир","ether"
"992","verb","шевелить","move a body part"
"993","adj.","присутствующий","present (at hand)"
"994","verb","связаться","get in touch"
"995","verb","завязать","tie (tie a knot)"
"996","noun","приезжий","visitor (guest)"
"997","adj.","приезжий","visitor"
"998","noun","строитель","builder"
"999","verb","разложить","unfold (spread out)"
"1000","noun","знакомый","acquaintance"
